{"cameraMode":{"drawMode":0,"name":"Shaded","section":"Shading Mode"},"sceneLighting":true,"audioPlay":false,"sceneViewState":{"showFog":true,"showMaterialUpdate":false,"showSkybox":true,"showFlares":true,"showImageEffects":true,"showParticleSystems":true},"in2DMode":false,"pivot":{"x":3.0382416248321535,"y":-1.5382213592529297,"z":-3.935695171356201},"rotation":{"x":0.01731097139418125,"y":0.8882874846458435,"z":-0.4577311873435974,"w":0.033594124019145969},"size":9.498942375183106,"orthographic":false}