{"cameraMode":{"drawMode":0,"name":"Shaded","section":"Shading Mode"},"sceneLighting":true,"audioPlay":false,"sceneViewState":{"showFog":true,"showMaterialUpdate":false,"showSkybox":true,"showFlares":true,"showImageEffects":true,"showParticleSystems":true},"in2DMode":false,"pivot":{"x":4.072440147399902,"y":-46.53005599975586,"z":-4.314465045928955},"rotation":{"x":-0.000851700606290251,"y":0.714923620223999,"z":-0.6992417573928833,"w":-0.0008438839577138424},"size":31.53179359436035,"orthographic":false}